data,filename
"https://vinlagringse.customshop.online/ar/open/1","https---vinlagringse.customshop.online-ar-open-1.png"
"https://vinlagringse.customshop.online/ar/open/2","https---vinlagringse.customshop.online-ar-open-2.png"
"https://vinlagringse.customshop.online/ar/open/3","https---vinlagringse.customshop.online-ar-open-3.png"
"https://vinlagringse.customshop.online/ar/open/4","https---vinlagringse.customshop.online-ar-open-4.png"
"https://vinlagringse.customshop.online/ar/open/5","https---vinlagringse.customshop.online-ar-open-5.png"
"https://vinlagringse.customshop.online/ar/open/6","https---vinlagringse.customshop.online-ar-open-6.png"
"https://vinlagringse.customshop.online/ar/open/7","https---vinlagringse.customshop.online-ar-open-7.png"
"https://vinlagringse.customshop.online/ar/open/8","https---vinlagringse.customshop.online-ar-open-8.png"
"https://vinlagringse.customshop.online/ar/open/9","https---vinlagringse.customshop.online-ar-open-9.png"
"https://vinlagringse.customshop.online/ar/open/10","https---vinlagringse.customshop.online-ar-open-10.png"